Is_STEM,mean,std,count
0,2.650181818181818,1.617190629638438,2750
1,2.072019464720195,1.5872976432709833,4110
