,Coef.,Std.Err.,z,P>|z|,[0.025,0.975]
Intercept,2.5128176829642728,0.2841756790135725,8.842479735376152,9.361728287149192e-19,1.9558435868154558,3.06979177911309
Is_STEM,-0.577502810615097,0.03960811295103561,-14.580417181929828,3.7422286329130765e-48,-0.6551332854947213,-0.49987233573547274
SS_c,0.015062860312424193,0.04510668875199992,0.33393850732961067,0.7384259614266306,-0.0733446251033536,0.10347034572820199
Is_STEM:SS_c,-0.004994160131202116,0.05698374663947275,-0.08764183518502892,0.930161350421682,-0.11668025124872404,0.10669193098631981
Age,0.004392235295419758,0.005403986886377044,0.8127768234397793,0.4163460258894688,-0.006199384374805994,0.01498385496564551
Gender_num,0.008120881624514555,0.038669313350817906,0.2100084258243698,0.8336610968218892,-0.06766957984998243,0.08391134309901152
CGPA,-0.005485815043261363,0.06718427981578136,-0.08165325368231102,0.9349224523241215,-0.13716458380945412,0.12619295372293138
Semester_Credit_Load,0.002361049851789079,0.0043964096411097135,0.5370404590399174,0.5912396672346008,-0.006255754706070624,0.010977854409648782
