,Coef.,Std.Err.,z,P>|z|,[0.025,0.975]
Intercept,2.5128176829642825,0.28417567901357305,8.84247973537617,9.361728287147709e-19,1.9558435868154644,3.0697917791131006
Is_STEM,-0.577502810615099,0.03960811295103574,-14.580417181929834,3.742228632912808e-48,-0.6551332854947235,-0.4998723357354745
SS_c,0.015062860312423897,0.04510668875199996,0.3339385073296038,0.7384259614266357,-0.07334462510335399,0.10347034572820177
Is_STEM:SS_c,-0.004994160131201089,0.056983746639472914,-0.08764183518501065,0.9301613504216966,-0.11668025124872333,0.10669193098632115
Age,0.004392235295419418,0.005403986886377056,0.8127768234397146,0.416346025889506,-0.006199384374806358,0.014983854965645194
Gender_num,0.008120881624514579,0.03866931335081798,0.21000842582437,0.833661096821889,-0.06766957984998255,0.0839113430990117
CGPA,-0.005485815043260983,0.06718427981578141,-0.08165325368230529,0.9349224523241261,-0.13716458380945384,0.12619295372293188
Semester_Credit_Load,0.0023610498517891675,0.004396409641109703,0.5370404590399388,0.591239667234586,-0.006255754706070515,0.01097785440964885
